{
  "best_epoch": 90,
  "best_val_loss": 0.0032938841215677953,
  "test_metrics": {
    "mae": 0.03971538320183754,
    "rmse": 0.06116710975766182,
    "r2": 0.9187152981758118,
    "loss": 0.003716922279349283
  },
  "run_dir": "results/dft_pretrain_20251118_132702",
  "model_checkpoint": "results/dft_pretrain_20251118_132702/checkpoints/best_model.pt"
}